,Unnamed: 0,id,pt_root_id,pt_position,timestamp,layer,cell_polarity,subclass,pre_syn_count,post_syn_count,unique_pre_syn_target_count,unique_post_syn_target_count
1,1,113721,864691135366988025,[110208 153664  23546],2022-06-09 14:30:32.002707,L4,excitatory,4P,28.0,2203.0,21.0,1844.0
87,87,554275,864691135732558996,[318144 139216  15793],2022-06-09 14:30:32.002707,L4,excitatory,4P,2375.0,3035.0,1445.0,2697.0
445,445,117790,864691135614417867,[113424 173328  25237],2022-06-09 14:30:32.002707,L4,excitatory,23P,90.0,1418.0,79.0,1141.0
1283,1283,225398,864691136090907060,[150576 154000  17165],2022-06-09 14:30:32.002707,L4,excitatory,4P,425.0,2719.0,352.0,2283.0
3068,3069,298130,864691135134710041,[186336 160928  17407],2022-06-09 14:30:32.002707,L4,excitatory,4P,80.0,2686.0,67.0,2277.0
4321,4322,259935,864691135467938188,[175056 154080  17369],2022-06-09 14:30:32.002707,L4,excitatory,4P,294.0,1143.0,244.0,1018.0
4328,4329,366196,864691136602223313,[227104 161632  24490],2022-06-09 14:30:32.002707,L4,excitatory,4P,37.0,2029.0,29.0,1684.0
4835,4836,457751,864691136590913910,[268768 154016  22439],2022-06-09 14:30:32.002707,L4,excitatory,4P,53.0,2962.0,43.0,2388.0
4891,4892,493227,864691136134430603,[282432 160688  21168],2022-06-09 14:30:32.002707,L4,excitatory,5P-IT,533.0,3850.0,442.0,3235.0
19295,19300,360807,864691135615781225,[222288 140704  17709],2022-06-09 14:30:32.002707,L4,inhibitory,NGC,721.0,3856.0,629.0,3329.0
19298,19303,226326,864691135809853388,[159568 150464  22212],2022-06-09 14:30:32.002707,L4,excitatory,4P,136.0,3701.0,114.0,3198.0
19299,19304,457103,864691135012563190,[273376 147968  17540],2022-06-09 14:30:32.002707,L4,excitatory,4P,248.0,2457.0,208.0,2042.0
19302,19307,70172,864691135700281211,[ 88192 143872  15847],2022-06-09 14:30:32.002707,L4,excitatory,23P,56.0,1188.0,49.0,1070.0
22150,22158,491872,864691136723491325,[287264 152176  26478],2022-06-09 14:30:32.002707,L4,excitatory,4P,16.0,1197.0,15.0,1031.0
22536,22544,610973,864691135593619243,[345952 120976  23861],2022-06-09 14:30:32.002707,L4,excitatory,23P,464.0,6757.0,410.0,5958.0
22623,22631,330733,864691136422838831,[212272 155360  23092],2022-06-09 14:30:32.002707,L4,excitatory,4P,177.0,1865.0,155.0,1612.0
23686,23695,328605,864691137054006902,[207936 136752  23961],2022-06-09 14:30:32.002707,L4,excitatory,23P,236.0,6378.0,203.0,5360.0
23824,23833,393019,864691135345246367,[241712 138640  23361],2022-06-09 14:30:32.002707,L4,excitatory,23P,26.0,2218.0,24.0,1900.0
24182,24191,193487,864691135772131579,[135680 156640  27111],2022-06-09 14:30:32.002707,L4,excitatory,4P,193.0,1095.0,154.0,953.0
27673,27685,588022,864691136031795643,[336816 160560  26327],2022-06-09 14:30:32.002707,L5,excitatory,5P-IT,496.0,8687.0,421.0,7665.0
28445,28457,329285,864691136048170120,[207088 148544  15415],2022-06-09 14:30:32.002707,L4,excitatory,4P,35.0,1544.0,31.0,1350.0
31295,31310,363596,864691134940152931,[214144 150208  22307],2022-06-09 14:30:32.002707,L4,excitatory,4P,18.0,1250.0,17.0,1118.0
31910,31925,394915,864691136866902638,[242240 153536  22174],2022-06-09 14:30:32.002707,L4,inhibitory,MC,3730.0,8826.0,1988.0,7330.0
35018,35035,557095,864691135462734398,[314944 147248  25441],2022-06-09 14:30:32.002707,L4,excitatory,4P,128.0,2607.0,107.0,2085.0
35276,35293,522892,864691135875982931,[303408 151264  25923],2022-06-09 14:30:32.002707,L4,excitatory,4P,124.0,2122.0,110.0,1872.0
35604,35621,457100,864691135776606560,[272896 150528  17288],2022-06-09 14:30:32.002707,L4,inhibitory,BC,2027.0,4455.0,1273.0,3621.0
42901,42922,582738,864691136031795643,[333072 124720  24154],2022-06-09 14:30:32.002707,L4,excitatory,23P,496.0,8687.0,421.0,7665.0
46312,46334,488525,864691136134418571,[279424 138128  18173],2022-06-09 14:30:32.002707,L4,excitatory,23P,68.0,1279.0,57.0,1154.0
47164,47186,228510,864691136236655119,[157840 163248  22961],2022-06-09 14:30:32.002707,L4,excitatory,4P,389.0,1197.0,331.0,1033.0
47169,47191,194225,864691135445838738,[144672 166048  17646],2022-06-09 14:30:32.002707,L4,inhibitory,MC,56.0,7908.0,30.0,6776.0
47179,47201,260505,864691135386843521,[168448 154320  20451],2022-06-09 14:30:32.002707,L4,inhibitory,MC,7709.0,7596.0,3307.0,6421.0
47183,47205,263105,864691135081710583,[167104 162112  24012],2022-06-09 14:30:32.002707,L4,excitatory,4P,166.0,1741.0,141.0,1455.0
47187,47209,585107,864691136436858782,[333040 149216  16940],2022-06-09 14:30:32.002707,L4,excitatory,4P,294.0,3623.0,251.0,3189.0
47951,47973,228689,864691135577200901,[149264 166880  24579],2022-06-09 14:30:32.002707,L4,excitatory,4P,361.0,4111.0,312.0,3283.0
49432,49454,553620,864691135781142096,[314576 125776  23106],2022-06-09 14:30:32.002707,L4,excitatory,23P,250.0,4429.0,214.0,4013.0
49793,49815,428022,864691135345160095,[250544 160112  19347],2022-06-09 14:30:32.002707,L4,excitatory,4P,45.0,1503.0,39.0,1344.0
49818,49840,262853,864691136143898676,[166048 163632  21954],2022-06-09 14:30:32.002707,L4,inhibitory,MC,15229.0,9805.0,7524.0,7799.0
49833,49855,426198,864691135754582994,[246560 154992  21936],2022-06-09 14:30:32.002707,L4,excitatory,4P,35.0,2234.0,32.0,1802.0
50539,50562,293737,864691135586618052,[191440 130288  15736],2022-06-09 14:30:32.002707,L4,excitatory,23P,49.0,2671.0,42.0,2402.0
53420,53444,611690,864691135476514216,[345712 143264  16145],2022-06-09 14:30:32.002707,L4,excitatory,4P,90.0,3307.0,73.0,2865.0
53501,53525,328749,864691135013326230,[208960 130384  24423],2022-06-09 14:30:32.002707,L4,excitatory,23P,353.0,3348.0,311.0,2955.0
54355,54379,328983,864691135357815794,[211008 138528  26169],2022-06-09 14:30:32.002707,L4,excitatory,23P,404.0,4884.0,346.0,4192.0
54362,54386,228923,864691135303158439,[157376 167040  26089],2022-06-09 14:30:32.002707,L4,excitatory,4P,237.0,2559.0,203.0,2115.0
54914,54938,490241,864691135994381258,[292384 155744  16885],2022-06-09 14:30:32.002707,L4,excitatory,4P,328.0,2434.0,280.0,2127.0
56491,56516,364055,864691135207765369,[214544 149456  26042],2022-06-09 14:30:32.002707,L4,excitatory,4P,26.0,1377.0,24.0,1188.0
56953,56978,195733,864691135740649579,[141584 167136  27139],2022-06-09 14:30:32.002707,L4,excitatory,4P,213.0,1301.0,158.0,1085.0
56971,56996,612913,864691135348295895,[356992 135024  24100],2022-06-09 14:30:32.002707,L4,inhibitory,BC,53.0,7457.0,38.0,6500.0
57188,57213,653458,864691135748600361,[364144 140256  22457],2022-06-09 14:30:32.002707,L4,excitatory,4P,201.0,3645.0,167.0,3074.0
57320,57345,159993,864691135753709517,[125776 174288  23527],2022-06-09 14:30:32.002707,L4,excitatory,4P,395.0,2523.0,339.0,2084.0
57613,57638,695943,864691135970993155,[391536 138544  23418],2022-06-09 14:30:32.002707,L4,excitatory,4P,8.0,500.0,5.0,407.0
58312,58337,195633,864691135569352326,[147216 161296  25757],2022-06-09 14:30:32.002707,L4,excitatory,4P,469.0,2427.0,392.0,1972.0
58508,58533,490702,864691135012437238,[294544 146976  19108],2022-06-09 14:30:32.002707,L4,excitatory,4P,103.0,1624.0,94.0,1438.0
58630,58655,490424,864691135864750044,[291040 153968  17861],2022-06-09 14:30:32.002707,L4,excitatory,4P,48.0,1292.0,39.0,1155.0
59012,59038,262054,864691136004717514,[166480 166144  18461],2022-06-09 14:30:32.002707,L4,excitatory,4P,425.0,1131.0,357.0,1015.0
59384,59410,425851,864691135341317829,[246992 146832  19969],2022-06-09 14:30:32.002707,L4,excitatory,4P,90.0,1163.0,68.0,995.0
59501,59527,423291,864691136022284168,[247504 141632  16905],2022-06-09 14:30:32.002707,L4,excitatory,4P,49.0,1610.0,45.0,1456.0
60175,60201,555023,864691135717652884,[324672 140128  21612],2022-06-09 14:30:32.002707,L4,excitatory,4P,7.0,1729.0,5.0,1548.0
60358,60384,425540,864691135926315988,[248928 153584  18583],2022-06-09 14:30:32.002707,L4,excitatory,4P,28.0,2503.0,25.0,2134.0
60517,60543,585302,864691135782807603,[328384 152144  17925],2022-06-09 14:30:32.002707,L4,excitatory,4P,206.0,2627.0,180.0,2237.0
60886,60912,428121,864691135619682115,[258848 162656  19177],2022-06-09 14:30:32.002707,L4,inhibitory,BC,3016.0,4623.0,1462.0,3747.0
61010,61036,392879,864691135576938501,[237312 141488  21931],2022-06-09 14:30:32.002707,L4,excitatory,4P,181.0,2777.0,159.0,2432.0
61138,61165,425166,864691134939980643,[259120 157600  16083],2022-06-09 14:30:32.002707,L4,excitatory,4P,553.0,2743.0,480.0,2351.0
61263,61290,226941,864691135593710379,[163056 146128  27200],2022-06-09 14:30:32.002707,L4,excitatory,23P,8.0,890.0,8.0,784.0
61271,61298,296230,864691135210371008,[195312 149504  18674],2022-06-09 14:30:32.002707,L4,excitatory,23P,69.0,1240.0,51.0,1109.0
61318,61345,112277,864691136021416599,[ 98048 149792  16712],2022-06-09 14:30:32.002707,L4,inhibitory,BPC,68.0,713.0,64.0,676.0
61375,61402,611336,864691135925566734,[353296 126448  25962],2022-06-09 14:30:32.002707,L4,excitatory,23P,74.0,2761.0,60.0,2450.0
61424,61451,258335,864691136443721603,[165040 141872  22520],2022-06-09 14:30:32.002707,L4,excitatory,23P,146.0,2781.0,125.0,2413.0
61430,61457,557188,864691135373412808,[318448 144784  25852],2022-06-09 14:30:32.002707,L4,excitatory,4P,154.0,1524.0,138.0,1297.0
61519,61546,228787,864691136056383704,[149264 169776  25208],2022-06-09 14:30:32.002707,L4,excitatory,4P,31.0,1678.0,28.0,1403.0
61648,61675,191569,864691134964417567,[141200 157776  15169],2022-06-09 14:30:32.002707,L4,excitatory,4P,121.0,784.0,106.0,708.0
61652,61679,260063,864691135233109081,[177984 144608  18062],2022-06-09 14:30:32.002707,L4,excitatory,23P,214.0,2490.0,185.0,2225.0
61682,61709,658793,864691135568913542,[363248 146992  22037],2022-06-09 14:30:32.002707,L4,excitatory,4P,17.0,2083.0,11.0,1810.0
61912,61940,154797,864691136261639908,[129088 142288  18451],2022-06-09 14:30:32.002707,L4,excitatory,23P,73.0,2318.0,63.0,2093.0
61936,61964,228249,864691136388557072,[158512 176160  21142],2022-06-09 14:30:32.002707,L4,excitatory,5P-IT,184.0,2051.0,161.0,1836.0
61961,61989,330338,864691135718487601,[210736 149808  20961],2022-06-09 14:30:32.002707,L4,excitatory,4P,4.0,882.0,1.0,796.0
62107,62135,223780,864691135589937931,[155856 139264  16705],2022-06-09 14:30:32.002707,L4,excitatory,23P,178.0,3870.0,144.0,3538.0
62120,62148,394749,864691136236674831,[237856 154304  21678],2022-06-09 14:30:32.002707,L4,excitatory,4P,35.0,1199.0,31.0,1064.0
62137,62165,692899,864691135761526582,[381856 123888  23446],2022-06-09 14:30:32.002707,L4,excitatory,23P,183.0,4104.0,158.0,3574.0
62146,62174,225900,864691135210325184,[162112 147424  19199],2022-06-09 14:30:32.002707,L4,excitatory,23P,75.0,3819.0,68.0,3459.0
62172,62200,192736,864691135865553285,[132256 156560  21581],2022-06-09 14:30:32.002707,L4,excitatory,4P,56.0,1510.0,48.0,1273.0
62418,62448,330081,864691136143406132,[205040 156672  19408],2022-06-09 14:30:32.002707,L4,excitatory,4P,236.0,1884.0,201.0,1654.0
62469,62499,659315,864691135012411638,[362864 146352  27092],2022-06-09 14:30:32.002707,L4,excitatory,4P,407.0,1666.0,349.0,1352.0
62491,62521,70198,864691136008440236,[ 90048 152336  16458],2022-06-09 14:30:32.002707,L4,inhibitory,BC,15.0,1202.0,10.0,1053.0
62503,62533,263026,864691136174967814,[171056 161536  23158],2022-06-09 14:30:32.002707,L4,excitatory,4P,20.0,1585.0,14.0,1363.0
62506,62536,490638,864691135278202785,[285744 147776  19464],2022-06-09 14:30:32.002707,L4,inhibitory,BC,4139.0,8578.0,2317.0,7089.0
62531,62561,520006,864691135269704101,[301312 137008  19544],2022-06-09 14:30:32.002707,L4,excitatory,4P,318.0,4441.0,253.0,3850.0
62582,62612,157750,864691136819212142,[123568 155568  23755],2022-06-09 14:30:32.002707,L4,inhibitory,NGC,173.0,4349.0,155.0,3469.0
62719,62749,424425,864691135654538436,[255680 137632  24263],2022-06-09 14:30:32.002707,L4,excitatory,23P,923.0,1604.0,820.0,1355.0
62753,62783,328784,864691135915158630,[199760 140880  24992],2022-06-09 14:30:32.002707,L4,excitatory,23P,49.0,1928.0,46.0,1685.0
62761,62791,296803,864691135367453433,[192736 145520  22073],2022-06-09 14:30:32.002707,L4,excitatory,23P,85.0,1323.0,74.0,1176.0
62828,62858,228557,864691136903004082,[148624 164464  23646],2022-06-09 14:30:32.002707,L4,excitatory,4P,207.0,2419.0,179.0,1976.0
62858,62888,457062,864691135181715202,[268608 147888  17397],2022-06-09 14:30:32.002707,L4,excitatory,4P,276.0,2973.0,240.0,2459.0
62927,62957,753350,864691135373708105,[396976 145536  23768],2022-06-09 14:30:32.002707,L4,excitatory,4P,10.0,632.0,3.0,553.0
62954,62984,457658,864691136286869443,[268544 159168  21080],2022-06-09 14:30:32.002707,L4,excitatory,4P,81.0,2779.0,73.0,2314.0
62968,62998,260697,864691134885125370,[170656 145840  22281],2022-06-09 14:30:32.002707,L4,excitatory,23P,182.0,1602.0,147.0,1385.0
62979,63009,586307,864691136951593951,[336880 150912  24684],2022-06-09 14:30:32.002707,L4,excitatory,4P,62.0,3117.0,57.0,2765.0
62986,63016,696140,864691135875985747,[377680 134288  25800],2022-06-09 14:30:32.002707,L4,inhibitory,BC,130.0,7519.0,91.0,6243.0
62990,63020,583988,864691135847915870,[342896 140624  20344],2022-06-09 14:30:32.002707,L4,excitatory,4P,162.0,1960.0,145.0,1752.0
63012,63042,263480,864691135926436052,[174240 174032  26232],2022-06-09 14:30:32.002707,L4,excitatory,5P-IT,138.0,1873.0,114.0,1561.0
63019,63049,157172,864691135118128093,[127840 160176  19840],2022-06-09 14:30:32.002707,L4,excitatory,4P,167.0,974.0,144.0,863.0
63024,63054,613522,864691135999835787,[351696 144464  15479],2022-06-09 14:30:32.002707,L4,excitatory,4P,7.0,869.0,4.0,735.0
63029,63059,157991,864691135323358876,[124640 154032  25325],2022-06-09 14:30:32.002707,L4,excitatory,4P,759.0,3124.0,656.0,2697.0
63201,63231,428662,864691135683543538,[252736 160400  22620],2022-06-09 14:30:32.002707,L4,excitatory,4P,23.0,1662.0,20.0,1425.0
63209,63239,73803,864691136817311598,[ 97488 164032  18575],2022-06-09 14:30:32.002707,L4,excitatory,4P,65.0,865.0,58.0,788.0
63391,63421,364751,864691136789611374,[214320 162176  17223],2022-06-09 14:30:32.002707,L4,excitatory,4P,490.0,2722.0,418.0,2381.0
63404,63434,360550,864691136021031560,[217504 132800  16190],2022-06-09 14:30:32.002707,L4,excitatory,23P,84.0,2740.0,72.0,2457.0
63504,63534,426437,864691135686944736,[252384 149056  23538],2022-06-09 14:30:32.002707,L4,excitatory,4P,215.0,2698.0,174.0,2137.0
63549,63580,366007,864691135748694569,[214016 165296  23811],2022-06-09 14:30:32.002707,L4,excitatory,4P,291.0,1778.0,256.0,1539.0
63576,63607,262234,864691136065268888,[166848 163952  19404],2022-06-09 14:30:32.002707,L4,excitatory,4P,364.0,3402.0,314.0,2943.0
63586,63617,296375,864691135385176917,[181808 152912  19805],2022-06-09 14:30:32.002707,L4,excitatory,4P,241.0,2251.0,206.0,1842.0
63606,63637,395470,864691135753644493,[233744 151184  26660],2022-06-09 14:30:32.002707,L4,inhibitory,BC,1835.0,4710.0,1031.0,3862.0
63613,63644,116604,864691136273105342,[101744 175376  19697],2022-06-09 14:30:32.002707,L4,excitatory,4P,966.0,836.0,852.0,743.0
63648,63679,260992,864691135968872293,[170672 150224  24465],2022-06-09 14:30:32.002707,L4,excitatory,4P,449.0,3303.0,398.0,2747.0
63649,63680,455321,864691135012880534,[277568 142256  17822],2022-06-09 14:30:32.002707,L4,excitatory,4P,210.0,4004.0,180.0,3250.0
63652,63683,489267,864691135809443020,[283136 134384  24062],2022-06-09 14:30:32.002707,L4,excitatory,23P,166.0,3790.0,153.0,3432.0
63656,63687,455074,864691135617768335,[270688 143520  16071],2022-06-09 14:30:32.002707,L4,excitatory,4P,34.0,1893.0,29.0,1676.0
63667,63698,330111,864691137020085614,[207536 145136  18878],2022-06-09 14:30:32.002707,L4,excitatory,4P,182.0,3910.0,155.0,3432.0
63671,63702,366333,864691135758507854,[218176 163200  25915],2022-06-09 14:30:32.002707,L4,excitatory,4P,10.0,1999.0,7.0,1654.0
63680,63711,262813,864691135182056706,[175440 171232  21557],2022-06-09 14:30:32.002707,L4,excitatory,4P,10.0,1549.0,9.0,1267.0
63697,63728,423439,864691135987935112,[258336 132320  17349],2022-06-09 14:30:32.002707,L4,excitatory,23P,283.0,3053.0,251.0,2709.0
63737,63768,159475,864691135526093403,[128256 166912  20795],2022-06-09 14:30:32.002707,L4,excitatory,4P,104.0,1446.0,98.0,1275.0
63754,63785,554721,864691135951986979,[319472 140544  19269],2022-06-09 14:30:32.002707,L4,excitatory,4P,142.0,3234.0,118.0,2864.0
63756,63787,363711,864691135334476009,[213088 151568  22785],2022-06-09 14:30:32.002707,L4,excitatory,4P,309.0,2293.0,271.0,1929.0
63774,63805,585305,864691136390392703,[328592 148192  17434],2022-06-09 14:30:32.002707,L4,excitatory,4P,17.0,1073.0,11.0,946.0
63876,63908,258582,864691135577854148,[175280 141040  23637],2022-06-09 14:30:32.002707,L4,excitatory,23P,185.0,2880.0,167.0,2522.0
63887,63919,157239,864691136226982737,[121040 154416  20346],2022-06-09 14:30:32.002707,L4,excitatory,4P,387.0,2133.0,342.0,1834.0
63903,63935,554935,864691135104216909,[327264 131920  20368],2022-06-09 14:30:32.002707,L4,excitatory,4P,454.0,4137.0,391.0,3670.0
63905,63937,361637,864691135570658029,[225104 137008  23378],2022-06-09 14:30:32.002707,L4,excitatory,23P,433.0,4855.0,372.0,4055.0
63924,63956,74087,864691135354946255,[ 95456 172080  19629],2022-06-09 14:30:32.002707,L4,excitatory,4P,35.0,787.0,29.0,658.0
63969,64001,70160,864691135782274924,[ 85824 153520  15745],2022-06-09 14:30:32.002707,L4,excitatory,4P,6.0,364.0,4.0,331.0
63977,64009,296167,864691135440454472,[187456 158192  18099],2022-06-09 14:30:32.002707,L4,excitatory,4P,247.0,1825.0,218.0,1645.0
63981,64013,395464,864691135581579629,[232896 159152  26864],2022-06-09 14:30:32.002707,L4,excitatory,4P,131.0,1465.0,117.0,1227.0
63993,64025,159335,864691135581617261,[126576 170832  19912],2022-06-09 14:30:32.002707,L4,excitatory,4P,73.0,1781.0,65.0,1549.0
64003,64035,613358,864691135482435780,[356048 142848  26945],2022-06-09 14:30:32.002707,L4,excitatory,4P,757.0,2517.0,607.0,2115.0
64028,64060,157197,864691136041056086,[130224 149376  19520],2022-06-09 14:30:32.002707,L4,excitatory,23P,37.0,2225.0,27.0,1980.0
64036,64068,583888,864691135360165959,[338576 141696  19927],2022-06-09 14:30:32.002707,L4,excitatory,4P,145.0,2363.0,120.0,1994.0
64042,64074,361583,864691135915170150,[215408 138768  23222],2022-06-09 14:30:32.002707,L4,excitatory,23P,2427.0,3966.0,2016.0,3350.0
64051,64083,157439,864691136031743931,[119104 159440  22192],2022-06-09 14:30:32.002707,L4,excitatory,4P,75.0,1106.0,62.0,956.0
64063,64095,521170,864691136541133730,[308736 148144  15145],2022-06-09 14:30:32.002707,L4,excitatory,4P,3.0,716.0,3.0,628.0
64066,64098,228199,864691136194170856,[153024 169744  21104],2022-06-09 14:30:32.002707,L4,excitatory,4P,22.0,887.0,20.0,734.0
64067,64099,260722,864691135975868739,[175616 144496  21881],2022-06-09 14:30:32.002707,L4,excitatory,23P,297.0,3322.0,241.0,2813.0
64096,64128,225895,864691136989956757,[161248 152448  19160],2022-06-09 14:30:32.002707,L4,excitatory,4P,372.0,1837.0,317.0,1642.0
64108,64140,612012,864691135855576878,[346240 138688  17265],2022-06-09 14:30:32.002707,L4,excitatory,4P,84.0,4744.0,72.0,4254.0
64126,64158,393807,864691135946680161,[238912 144080  16124],2022-06-09 14:30:32.002707,L4,excitatory,23P,165.0,2107.0,128.0,1851.0
64140,64172,582856,864691135687268320,[341984 124080  25292],2022-06-09 14:30:32.002707,L4,excitatory,23P,48.0,4382.0,32.0,3797.0
64148,64180,394547,864691136390418303,[237600 148176  20775],2022-06-09 14:30:32.002707,L4,excitatory,4P,147.0,3012.0,124.0,2537.0
64217,64249,296548,864691135776547936,[190096 148864  20978],2022-06-09 14:30:32.002707,L4,excitatory,4P,32.0,2486.0,29.0,2209.0
64218,64250,459355,864691135210073024,[274000 161856  19155],2022-06-09 14:30:32.002707,L4,excitatory,4P,277.0,1879.0,244.0,1612.0
64224,64256,362803,864691136811806579,[215168 156416  18566],2022-06-09 14:30:32.002707,L4,excitatory,4P,284.0,2607.0,253.0,2254.0
64225,64257,522363,864691136175002630,[296880 155920  22107],2022-06-09 14:30:32.002707,L4,excitatory,4P,27.0,1488.0,25.0,1329.0
64226,64258,74158,864691136148823191,[ 88800 164752  20510],2022-06-09 14:30:32.002707,L4,excitatory,4P,10.0,562.0,7.0,480.0
64253,64285,257465,864691136050809843,[165936 140928  15911],2022-06-09 14:30:32.002707,L4,excitatory,23P,188.0,2958.0,154.0,2712.0
64258,64290,555414,864691136209117884,[324336 142560  25163],2022-06-09 14:30:32.002707,L4,excitatory,4P,297.0,1817.0,245.0,1582.0
64260,64292,297386,864691135256546991,[196096 154208  26969],2022-06-09 14:30:32.002707,L4,excitatory,4P,230.0,2061.0,199.0,1754.0
64263,64295,696028,864691135334528745,[391472 136992  24676],2022-06-09 14:30:32.002707,L4,excitatory,4P,37.0,556.0,34.0,475.0
64266,64298,396552,864691135497620243,[230928 163744  20265],2022-06-09 14:30:32.002707,L4,excitatory,4P,40.0,2693.0,31.0,2324.0
64277,64309,227342,864691136286872259,[162208 159808  16010],2022-06-09 14:30:32.002707,L4,excitatory,4P,51.0,2011.0,43.0,1700.0
64292,64324,260222,864691135855777838,[180064 154512  18785],2022-06-09 14:30:32.002707,L4,excitatory,4P,111.0,3421.0,78.0,3010.0
64305,64337,261926,864691135925554190,[167248 165168  17577],2022-06-09 14:30:32.002707,L4,excitatory,4P,229.0,1643.0,193.0,1450.0
64318,64350,158072,864691136723561725,[119104 158368  25712],2022-06-09 14:30:32.002707,L4,excitatory,23P,252.0,1339.0,217.0,1150.0
64320,64352,648374,864691135583682680,[371968 119744  24789],2022-06-09 14:30:32.002707,L4,excitatory,23P,284.0,3720.0,249.0,3251.0
64322,64354,393738,864691135567736300,[232416 152000  16264],2022-06-09 14:30:32.002707,L4,excitatory,4P,232.0,1718.0,198.0,1474.0
64330,64362,658943,864691136008430252,[373984 145152  22884],2022-06-09 14:30:32.002707,L4,excitatory,4P,290.0,2368.0,260.0,1990.0
64345,64377,366438,864691135341369285,[218448 168608  27196],2022-06-09 14:30:32.002707,L4,excitatory,4P,15.0,1782.0,14.0,1523.0
64346,64378,486857,864691135994580394,[284432 127152  18991],2022-06-09 14:30:32.002707,L4,excitatory,23P,214.0,5517.0,184.0,4959.0
64348,64380,113075,864691135988316672,[108240 154336  20423],2022-06-09 14:30:32.002707,L4,excitatory,4P,74.0,1493.0,65.0,1332.0
64355,64387,426514,864691134964455711,[246416 150880  24453],2022-06-09 14:30:32.002707,L4,excitatory,4P,175.0,1708.0,153.0,1415.0
64359,64391,425982,864691135407307977,[250864 157056  20326],2022-06-09 14:30:32.002707,L4,excitatory,4P,16.0,1283.0,11.0,1138.0
64367,64399,156633,864691135382495962,[124032 158096  17062],2022-06-09 14:30:32.002707,L4,inhibitory,MC,64.0,6128.0,34.0,5225.0
64370,64402,614750,864691135696092314,[351808 150352  22879],2022-06-09 14:30:32.002707,L4,excitatory,4P,262.0,1953.0,213.0,1626.0
64375,64407,394260,864691136903048370,[245552 155712  18680],2022-06-09 14:30:32.002707,L4,excitatory,4P,47.0,1620.0,35.0,1402.0
64382,64414,425633,864691135510479312,[256688 153120  18630],2022-06-09 14:30:32.002707,L4,excitatory,4P,13.0,1956.0,12.0,1728.0
64387,64419,225466,864691135468151634,[161968 152432  17059],2022-06-09 14:30:32.002707,L4,excitatory,4P,496.0,1658.0,428.0,1471.0
64398,64430,366186,864691134947410428,[225216 161104  24619],2022-06-09 14:30:32.002707,L4,excitatory,4P,15.0,2967.0,15.0,2433.0
64399,64431,423565,864691135736892548,[258944 136720  18200],2022-06-09 14:30:32.002707,L4,excitatory,23P,26.0,1482.0,18.0,1337.0
64403,64435,113858,864691136903067058,[111584 159680  24113],2022-06-09 14:30:32.002707,L4,excitatory,4P,177.0,1921.0,166.0,1622.0
64410,64442,519608,864691135732542356,[300816 130208  16773],2022-06-09 14:30:32.002707,L4,excitatory,23P,102.0,2964.0,82.0,2617.0
64413,64445,653999,864691136226982481,[373312 139632  26999],2022-06-09 14:30:32.002707,L4,excitatory,4P,657.0,3194.0,576.0,2658.0
64417,64449,584560,864691135440479304,[327712 138688  27586],2022-06-09 14:30:32.002707,L4,excitatory,4P,323.0,2891.0,268.0,2556.0
64420,64452,397032,864691135488427322,[237920 161488  22732],2022-06-09 14:30:32.002707,L4,excitatory,4P,61.0,2977.0,53.0,2373.0
64422,64454,658909,864691136723424253,[364592 148288  23110],2022-06-09 14:30:32.002707,L4,excitatory,4P,142.0,2360.0,118.0,2006.0
64426,64458,330372,864691135104366413,[198624 159104  21248],2022-06-09 14:30:32.002707,L4,inhibitory,BC,6790.0,9171.0,3379.0,7429.0
64456,64488,457718,864691134988458106,[278320 156816  21761],2022-06-09 14:30:32.002707,L4,excitatory,4P,118.0,3727.0,98.0,3042.0
64474,64506,263042,864691135700229243,[172560 166448  23218],2022-06-09 14:30:32.002707,L4,excitatory,4P,43.0,2843.0,37.0,2348.0
64477,64509,33358,864691135337706982,[ 76528 172016  20263],2022-06-09 14:30:32.002707,L4,excitatory,4P,35.0,216.0,29.0,177.0
64487,64519,156172,864691136296687131,[114720 156432  15362],2022-06-09 14:30:32.002707,L4,excitatory,23P,47.0,1521.0,39.0,1369.0
64497,64529,195717,864691136309680218,[138272 166416  27159],2022-06-09 14:30:32.002707,L4,excitatory,4P,645.0,1143.0,522.0,996.0
64508,64540,653653,864691135753608397,[361520 140336  24101],2022-06-09 14:30:32.002707,L4,excitatory,4P,270.0,3388.0,241.0,3012.0
64514,64546,361100,864691136108725432,[221088 143664  19296],2022-06-09 14:30:32.002707,L4,excitatory,4P,228.0,2169.0,207.0,1909.0
64518,64550,364879,864691135213027128,[215792 165456  17341],2022-06-09 14:30:32.002707,L4,excitatory,4P,858.0,2884.0,706.0,2490.0
64519,64551,522629,864691135334503913,[309952 148000  23424],2022-06-09 14:30:32.002707,L4,excitatory,4P,209.0,1629.0,173.0,1405.0
64522,64554,299526,864691135593522475,[182128 163968  25243],2022-06-09 14:30:32.002707,L4,excitatory,4P,16.0,1189.0,11.0,1022.0
64526,64558,157367,864691136123764518,[123328 158896  21512],2022-06-09 14:30:32.002707,L4,excitatory,4P,14.0,1081.0,14.0,909.0
64530,64562,612049,864691136272985278,[350288 129360  17861],2022-06-09 14:30:32.002707,L4,excitatory,23P,294.0,4976.0,263.0,4533.0
64533,64565,696169,864691135544413224,[383776 139904  26242],2022-06-09 14:30:32.002707,L4,excitatory,4P,120.0,725.0,105.0,561.0
64534,64566,586192,864691136589652386,[335552 151872  24063],2022-06-09 14:30:32.002707,L4,excitatory,4P,296.0,1809.0,249.0,1565.0
64536,64568,585773,864691135939331585,[340624 150560  19605],2022-06-09 14:30:32.002707,L4,excitatory,4P,43.0,2149.0,39.0,1949.0
64538,64570,555608,864691136194424790,[313872 134288  27397],2022-06-09 14:30:32.002707,L4,excitatory,23P,123.0,2941.0,90.0,2518.0
64541,64573,489535,864691135675618756,[282960 129760  26208],2022-06-09 14:30:32.002707,L4,excitatory,23P,342.0,4140.0,300.0,3598.0
64548,64580,393280,864691136194606312,[237872 137216  25126],2022-06-09 14:30:32.002707,L4,excitatory,23P,543.0,2824.0,437.0,2326.0
64550,64582,70514,864691136194170344,[ 82288 144320  18484],2022-06-09 14:30:32.002707,L4,excitatory,23P,10.0,630.0,8.0,554.0
64564,64596,491192,864691135588525810,[282000 145632  22210],2022-06-09 14:30:32.002707,L4,excitatory,4P,130.0,2611.0,116.0,2211.0
64569,64601,189783,864691135575114526,[136784 143520  16305],2022-06-09 14:30:32.002707,L4,inhibitory,MC,26.0,5109.0,20.0,4435.0
64573,64605,261044,864691136023721273,[178976 147728  24136],2022-06-09 14:30:32.002707,L4,excitatory,4P,28.0,2359.0,24.0,1988.0
64575,64607,521011,864691135132670880,[309840 135664  27578],2022-06-09 14:30:32.002707,L4,excitatory,4P,339.0,2117.0,291.0,1895.0
64576,64608,191709,864691135946626657,[139296 147152  16035],2022-06-09 14:30:32.002707,L4,excitatory,23P,575.0,2843.0,491.0,2566.0
64584,64616,488297,864691136194077654,[279104 131408  17140],2022-06-09 14:30:32.002707,L4,excitatory,23P,186.0,4136.0,159.0,3603.0
64592,64624,519899,864691135366999033,[299072 140624  19219],2022-06-09 14:30:32.002707,L4,excitatory,4P,36.0,2683.0,35.0,2379.0
64593,64625,33319,864691136672649607,[ 73536 170640  20304],2022-06-09 14:30:32.002707,L4,excitatory,4P,70.0,407.0,56.0,324.0
64598,64630,520379,864691136099822197,[306448 128880  22119],2022-06-09 14:30:32.002707,L4,excitatory,23P,39.0,3885.0,28.0,3508.0
64599,64631,396939,864691135615777897,[243136 161600  22013],2022-06-09 14:30:32.002707,L4,excitatory,4P,276.0,2274.0,235.0,1943.0
64616,64648,156208,864691136139697233,[120448 149856  15492],2022-06-09 14:30:32.002707,L4,excitatory,23P,105.0,2132.0,93.0,1913.0
64617,64649,228115,864691135454042986,[155952 166928  20810],2022-06-09 14:30:32.002707,L4,excitatory,4P,101.0,2758.0,98.0,2355.0
64619,64651,195143,864691135696290714,[132000 172768  23017],2022-06-09 14:30:32.002707,L4,excitatory,4P,183.0,1566.0,164.0,1344.0
64621,64653,156776,864691136309617303,[124640 153600  17584],2022-06-09 14:30:32.002707,L4,excitatory,4P,51.0,3279.0,42.0,2895.0
64626,64658,488989,864691136175017990,[284672 138192  21224],2022-06-09 14:30:32.002707,L4,excitatory,23P,10.0,1214.0,7.0,1083.0
64635,64667,555015,864691136483267372,[323984 129840  21336],2022-06-09 14:30:32.002707,L4,excitatory,23P,95.0,5975.0,81.0,5226.0
64641,64673,425441,864691135866385686,[255744 159360  17939],2022-06-09 14:30:32.002707,L4,excitatory,4P,72.0,1689.0,64.0,1502.0
64643,64675,393068,864691136521577873,[233280 135200  23957],2022-06-09 14:30:32.002707,L4,excitatory,23P,237.0,4768.0,213.0,4126.0
64647,64679,159895,864691135360301383,[127664 171824  23133],2022-06-09 14:30:32.002707,L4,excitatory,4P,1008.0,2448.0,819.0,1924.0
64654,64686,519595,864691135341534385,[298176 139728  16867],2022-06-09 14:30:32.002707,L4,excitatory,4P,270.0,866.0,244.0,795.0
64657,64689,330676,864691135761510710,[204544 148592  22827],2022-06-09 14:30:32.002707,L4,excitatory,4P,367.0,4221.0,329.0,3698.0
64658,64690,363696,864691135340972741,[228128 151616  22465],2022-06-09 14:30:32.002707,L4,excitatory,4P,709.0,2140.0,604.0,1774.0
64660,64692,457491,864691135386787201,[276720 155088  20307],2022-06-09 14:30:32.002707,L4,excitatory,4P,140.0,2229.0,116.0,1846.0
64670,64702,489146,864691135526071387,[290976 132880  22483],2022-06-09 14:30:32.002707,L4,excitatory,23P,139.0,3506.0,115.0,3112.0
64674,64706,425463,864691135945397028,[260528 155424  17916],2022-06-09 14:30:32.002707,L4,excitatory,4P,27.0,2472.0,18.0,2066.0
64675,64707,424266,864691135866629654,[246160 141392  23702],2022-06-09 14:30:32.002707,L4,excitatory,23P,912.0,2099.0,689.0,1790.0
64680,64712,519621,864691136555131042,[303696 142832  16596],2022-06-09 14:30:32.002707,L4,excitatory,4P,174.0,2766.0,147.0,2390.0
64682,64714,262186,864691135373732040,[163984 172352  19457],2022-06-09 14:30:32.002707,L4,excitatory,4P,424.0,2188.0,360.0,1848.0
64686,64718,328877,864691135401213938,[208608 140528  25436],2022-06-09 14:30:32.002707,L4,excitatory,23P,153.0,4115.0,135.0,3510.0
64687,64719,366096,864691135837191571,[228576 160832  23787],2022-06-09 14:30:32.002707,L4,excitatory,4P,175.0,2715.0,157.0,2192.0
64699,64731,70601,864691135396676641,[ 97344 153232  18754],2022-06-09 14:30:32.002707,L4,excitatory,4P,565.0,2878.0,484.0,2457.0
64701,64733,116494,864691135501919298,[103968 165056  19351],2022-06-09 14:30:32.002707,L4,excitatory,4P,109.0,1314.0,93.0,1176.0
64711,64743,611925,864691136990343061,[349088 137168  17083],2022-06-09 14:30:32.002707,L4,excitatory,4P,209.0,3780.0,183.0,3396.0
64713,64745,696373,864691136143665204,[387824 133344  27354],2022-06-09 14:30:32.002707,L4,inhibitory,BC,1203.0,4548.0,794.0,3562.0
64716,64748,116043,864691135428499504,[112208 168272  16960],2022-06-09 14:30:32.002707,L4,excitatory,4P,208.0,1625.0,186.0,1445.0
64719,64751,489340,864691136134427275,[278512 140528  24591],2022-06-09 14:30:32.002707,L4,excitatory,4P,109.0,1985.0,101.0,1720.0
64726,64758,117376,864691135807186205,[113152 164736  23559],2022-06-09 14:30:32.002707,L4,excitatory,4P,400.0,1630.0,305.0,1379.0
64727,64759,113084,864691136577519124,[109232 150032  20479],2022-06-09 14:30:32.002707,L4,excitatory,23P,67.0,1590.0,58.0,1400.0
64729,64761,393162,864691135360117319,[237584 131568  24181],2022-06-09 14:30:32.002707,L4,excitatory,23P,17.0,2141.0,13.0,1876.0
64731,64763,426549,864691135571235877,[250416 149712  24551],2022-06-09 14:30:32.002707,L4,excitatory,4P,73.0,2035.0,66.0,1712.0
64733,64765,67294,864691135494045584,[ 94528 143584  17378],2022-06-09 14:30:32.002707,L4,excitatory,23P,34.0,2589.0,24.0,2340.0
64735,64767,73646,864691135367424505,[ 89456 163664  17945],2022-06-09 14:30:32.002707,L4,excitatory,4P,312.0,1655.0,270.0,1443.0
64736,64768,116719,864691136272967358,[101904 172512  20909],2022-06-09 14:30:32.002707,L4,excitatory,4P,3.0,279.0,1.0,244.0
64740,64772,582497,864691136020249848,[329984 123248  22313],2022-06-09 14:30:32.002707,L4,excitatory,23P,123.0,4444.0,102.0,3884.0
64750,64782,260895,864691135402161650,[170032 156912  23923],2022-06-09 14:30:32.002707,L4,excitatory,4P,61.0,1796.0,57.0,1474.0
64751,64783,426411,864691135393960437,[247024 146512  23839],2022-06-09 14:30:32.002707,L4,excitatory,4P,1033.0,3207.0,862.0,2713.0
64754,64786,299567,864691136023809593,[192320 167360  25544],2022-06-09 14:30:32.002707,L4,excitatory,4P,145.0,1157.0,127.0,1013.0
64756,64788,260475,864691136811801459,[180128 147248  19430],2022-06-09 14:30:32.002707,L4,excitatory,4P,79.0,3469.0,68.0,3057.0
64774,64806,365728,864691135445695122,[215488 163024  21487],2022-06-09 14:30:32.002707,L4,excitatory,4P,88.0,1581.0,81.0,1392.0
64776,64808,365960,864691136286790851,[225424 168832  23223],2022-06-09 14:30:32.002707,L4,excitatory,4P,40.0,1827.0,34.0,1570.0
64777,64809,392497,864691136031893691,[243088 131424  19234],2022-06-09 14:30:32.002707,L4,excitatory,23P,363.0,5276.0,315.0,4652.0
64788,64820,424088,864691135359120984,[250560 133696  22191],2022-06-09 14:30:32.002707,L4,excitatory,23P,28.0,4399.0,20.0,3753.0
64796,64828,584548,864691136008627886,[342496 142032  27020],2022-06-09 14:30:32.002707,L4,excitatory,4P,412.0,1652.0,366.0,1439.0
64797,64829,659171,864691136945611743,[368976 145648  25411],2022-06-09 14:30:32.002707,L4,excitatory,4P,87.0,1535.0,66.0,1325.0
64800,64832,194232,864691136706756206,[146192 161696  17357],2022-06-09 14:30:32.002707,L4,excitatory,4P,233.0,3314.0,201.0,2895.0
64803,64835,226734,864691135490217063,[153968 150144  25002],2022-06-09 14:30:32.002707,L4,excitatory,4P,263.0,1599.0,226.0,1369.0
64804,64836,361682,864691136273679629,[216912 135664  23996],2022-06-09 14:30:32.002707,L4,excitatory,23P,44.0,4626.0,34.0,3949.0
64810,64842,397515,864691135233137753,[234432 166352  26596],2022-06-09 14:30:32.002707,L4,excitatory,4P,59.0,2142.0,54.0,1823.0
64811,64843,364125,864691136236682255,[228496 144288  26387],2022-06-09 14:30:32.002707,L4,excitatory,4P,804.0,2946.0,697.0,2358.0
64813,64845,556043,864691136548385442,[315648 145680  17358],2022-06-09 14:30:32.002707,L4,excitatory,4P,285.0,2362.0,253.0,2096.0
64816,64848,74286,864691135776621920,[ 90304 167488  21135],2022-06-09 14:30:32.002707,L4,excitatory,4P,56.0,533.0,52.0,489.0
64817,64849,229020,864691135564559383,[158848 162736  26776],2022-06-09 14:30:32.002707,L4,excitatory,4P,622.0,2338.0,512.0,1984.0
64824,64856,457596,864691135358845784,[275056 148976  20753],2022-06-09 14:30:32.002707,L4,excitatory,4P,82.0,1623.0,78.0,1425.0
64837,64869,519564,864691135737245828,[294720 129504  16968],2022-06-09 14:30:32.002707,L4,excitatory,23P,495.0,3250.0,441.0,2993.0
64838,64870,228419,864691135883858032,[162992 173488  22116],2022-06-09 14:30:32.002707,L4,excitatory,4P,55.0,1510.0,52.0,1323.0
64845,64877,583286,864691135695960218,[339024 137488  15916],2022-06-09 14:30:32.002707,L4,excitatory,4P,83.0,1958.0,71.0,1649.0
64846,64878,457108,864691135366993657,[274016 156224  17691],2022-06-09 14:30:32.002707,L4,excitatory,4P,33.0,1695.0,29.0,1419.0
64847,64879,365841,864691135991518145,[218960 168448  22324],2022-06-09 14:30:32.002707,L4,excitatory,4P,26.0,2264.0,20.0,1915.0
64848,64880,360858,864691136309639770,[228768 142928  17595],2022-06-09 14:30:32.002707,L4,excitatory,23P,331.0,1215.0,303.0,1096.0
64849,64881,296618,864691135614152907,[184064 148272  21618],2022-06-09 14:30:32.002707,L4,excitatory,4P,147.0,1518.0,127.0,1351.0
64856,64888,454945,864691135753604301,[269328 131264  15231],2022-06-09 14:30:32.002707,L4,excitatory,23P,112.0,1663.0,98.0,1473.0
64859,64891,120105,864691135490215783,[113488 178368  19475],2022-06-09 14:30:32.002707,L4,excitatory,4P,34.0,1660.0,31.0,1443.0
64868,64900,363990,864691135274623973,[218144 150304  25522],2022-06-09 14:30:32.002707,L4,excitatory,4P,65.0,1708.0,61.0,1486.0
64873,64905,395185,864691135772155979,[233280 148336  24310],2022-06-09 14:30:32.002707,L4,inhibitory,BC,11923.0,13007.0,6155.0,9929.0
64879,64911,363428,864691135809486796,[226608 154256  20318],2022-06-09 14:30:32.002707,L4,excitatory,4P,35.0,1889.0,27.0,1658.0
64892,64924,520027,864691136209258172,[304608 142384  19551],2022-06-09 14:30:32.002707,L4,excitatory,4P,47.0,4695.0,40.0,4244.0
64896,64928,263589,864691135771789131,[175808 162672  26618],2022-06-09 14:30:32.002707,L4,inhibitory,BC,4762.0,7333.0,2709.0,5863.0
64900,64932,458088,864691135428509488,[270112 143920  24143],2022-06-09 14:30:32.002707,L4,excitatory,4P,155.0,2587.0,127.0,2171.0
64902,64934,692802,864691136209433020,[379952 124224  23086],2022-06-09 14:30:32.002707,L4,excitatory,23P,41.0,3676.0,33.0,3242.0
64907,64939,333033,864691136020230904,[200528 166240  21337],2022-06-09 14:30:32.002707,L4,excitatory,4P,177.0,1834.0,166.0,1588.0
64909,64941,486319,864691135909778857,[281760 125712  15417],2022-06-09 14:30:32.002707,L4,excitatory,23P,46.0,1720.0,39.0,1517.0
64911,64943,456631,864691135212601216,[262304 150656  15405],2022-06-09 14:30:32.002707,L4,excitatory,4P,101.0,2111.0,80.0,1845.0
64913,64945,519803,864691135272407825,[299136 136128  18078],2022-06-09 14:30:32.002707,L4,excitatory,4P,82.0,4220.0,69.0,3852.0
64916,64948,612908,864691136099795317,[356368 130736  23461],2022-06-09 14:30:32.002707,L4,excitatory,4P,311.0,4516.0,256.0,3860.0
64919,64951,424252,864691135865539461,[261552 140304  22727],2022-06-09 14:30:32.002707,L4,excitatory,23P,27.0,2063.0,20.0,1751.0
64920,64952,521675,864691136723332349,[305744 149776  18334],2022-06-09 14:30:32.002707,L4,excitatory,4P,125.0,2263.0,110.0,1948.0
64922,64954,117360,864691135753568205,[111392 164992  23758],2022-06-09 14:30:32.002707,L4,excitatory,4P,113.0,1501.0,93.0,1285.0
64926,64958,394128,864691135341155761,[244320 157568  17596],2022-06-09 14:30:32.002707,L4,excitatory,4P,124.0,2009.0,113.0,1786.0
64929,64961,299450,864691136617110491,[186512 167168  24559],2022-06-09 14:30:32.002707,L4,excitatory,4P,168.0,1619.0,150.0,1372.0
64930,64962,520706,864691135915180134,[310336 131648  24381],2022-06-09 14:30:32.002707,L4,excitatory,23P,125.0,6546.0,97.0,5794.0
64934,64966,519393,864691135998193354,[302448 135264  15576],2022-06-09 14:30:32.002707,L4,excitatory,23P,13.0,1228.0,6.0,1102.0
64938,64970,424270,864691136911636209,[246176 132000  24061],2022-06-09 14:30:32.002707,L4,excitatory,23P,296.0,3987.0,248.0,3383.0
64940,64972,658978,864691135386398337,[363824 148048  23941],2022-06-09 14:30:32.002707,L4,excitatory,4P,110.0,1876.0,101.0,1653.0
64944,64976,522171,864691135609448199,[307536 154368  21026],2022-06-09 14:30:32.002707,L4,excitatory,4P,94.0,1287.0,87.0,1150.0
64949,64982,296762,864691135926566868,[186992 152512  22541],2022-06-09 14:30:32.002707,L4,excitatory,4P,86.0,2601.0,72.0,2247.0
64956,64989,71134,864691135373656393,[ 89168 157696  21080],2022-06-09 14:30:32.002707,L4,excitatory,4P,7.0,630.0,5.0,571.0
64957,64990,428574,864691136099782261,[256912 164112  22252],2022-06-09 14:30:32.002707,L4,excitatory,4P,86.0,2516.0,74.0,2148.0
64959,64992,393323,864691134939988067,[231184 136096  25789],2022-06-09 14:30:32.002707,L4,excitatory,23P,63.0,2573.0,51.0,2150.0
64961,64994,555467,864691135100071968,[314864 131936  26449],2022-06-09 14:30:32.002707,L4,excitatory,BPC,1116.0,6180.0,595.0,5306.0
64965,64998,556219,864691135617758351,[321472 155568  18281],2022-06-09 14:30:32.002707,L4,excitatory,4P,95.0,1970.0,71.0,1667.0
64971,65004,228578,864691135754593746,[151168 160848  23500],2022-06-09 14:30:32.002707,L4,excitatory,4P,1005.0,3287.0,859.0,2607.0
64973,65006,116636,864691135614115019,[106544 173664  19534],2022-06-09 14:30:32.002707,L4,excitatory,4P,145.0,1142.0,128.0,970.0
64977,65010,521512,864691136008451244,[298848 149344  17641],2022-06-09 14:30:32.002707,L4,excitatory,4P,65.0,1259.0,56.0,1082.0
64981,65014,193974,864691135501851485,[132224 167104  17053],2022-06-09 14:30:32.002707,L4,excitatory,4P,135.0,1318.0,119.0,1188.0
64983,65016,162944,864691135394020597,[126368 177328  26334],2022-06-09 14:30:32.002707,L4,excitatory,4P,21.0,1408.0,17.0,1173.0
64986,65019,257834,864691135864051838,[169584 139392  18199],2022-06-09 14:30:32.002707,L4,excitatory,23P,320.0,3409.0,266.0,3078.0
64993,65026,329229,864691135740183915,[202176 151760  15660],2022-06-09 14:30:32.002707,L4,excitatory,4P,195.0,2252.0,174.0,1916.0
